{"cameraMode":{"drawMode":0,"name":"Shaded","section":"Shading Mode"},"sceneLighting":true,"audioPlay":false,"sceneViewState":{"m_AlwaysRefresh":false,"showFog":true,"showSkybox":true,"showFlares":true,"showImageEffects":true,"showParticleSystems":true,"showVisualEffectGraphs":true,"m_FxEnabled":true},"in2DMode":false,"pivot":{"x":14.074374198913575,"y":6.155045509338379,"z":-8.298563003540039},"rotation":{"x":-0.002068194327875972,"y":0.995404064655304,"z":-0.09315132349729538,"w":-0.022100742906332017},"size":8.250725746154786,"orthographic":false}