{"cameraMode":{"drawMode":0,"name":"Shaded","section":"Shading Mode"},"sceneLighting":true,"audioPlay":false,"sceneViewState":{"m_AlwaysRefresh":false,"showFog":true,"showSkybox":true,"showFlares":true,"showImageEffects":true,"showParticleSystems":true,"showVisualEffectGraphs":true,"m_FxEnabled":true},"in2DMode":false,"pivot":{"x":46.821224212646487,"y":-51.83256912231445,"z":99.31536102294922},"rotation":{"x":0.19775906205177308,"y":-0.08401480317115784,"z":0.017008090391755105,"w":0.9765291213989258},"size":71.4809799194336,"orthographic":false}