{"cameraMode":{"drawMode":0,"name":"Shaded","section":"Shading Mode"},"sceneLighting":false,"audioPlay":false,"sceneViewState":{"m_AlwaysRefresh":false,"showFog":false,"showSkybox":false,"showFlares":false,"showImageEffects":false,"showParticleSystems":false,"showVisualEffectGraphs":true,"m_FxEnabled":true},"in2DMode":false,"pivot":{"x":0.035337820649147037,"y":0.5888217091560364,"z":-1.1438963413238526},"rotation":{"x":0.0852486863732338,"y":0.9163981676101685,"z":-0.29254791140556338,"w":0.2633388638496399},"size":1.0254876613616944,"orthographic":false}